{
    "tempo_bpm": {
        "min": 51.6796875,
        "max": 215.33203125
    },
    "loudness_db": {
        "min": -21.87506,
        "max": -3.8104322
    },
    "timbre_spectral_centroid": {
        "min": 820.4150489245401,
        "max": 4050.5376104961033
    }
}